ID; source_attractiveness
0;0.26964404674315134
1;0.07110245515278538
2;1.878231283664275
3;0.34875291031167205
4;0.2690250593994554
5;0.08631076288920403
6;0.14691928689101172
7;0.017825261833949793
8;0.1496432779023934
9;0.08403894654122734
10;0.06510225336319461
11;0.48229783096970147
12;0.04294803698147075
13;-0.019050081774565478
14;0.1074891912595885
15;0.011477376522745025
16;0.07814210455662654
17;0.04380748589927147
18;0.14116691597947917
19;0.009840471524116316
20;0.1812776902985126
21;0.2452198209891687
22;0.18363232334470664
23;0.44685145271936644
24;0.22794414842939942
25;0.9902153966036147
26;2.446345768003515
27;0.11989088963580961
28;0.1251159203869443
29;0.29021686513990164
30;0.2570590764174293
31;-0.744173915025552
32;-0.05712711859038863
33;0.07381332845391592
34;0.12138323073968846
35;0.8220445631890934
36;0.0981582368346058
37;0.03329910260826629
38;0.40534892352544977
39;0.018554026421858758
40;0.29962183638592954
41;0.20986898495674136
42;-0.07225074875905446
43;0.0773188383695057
44;0.21841529630293904
45;0.024644563065707503
46;0.042748657682887686
47;0.07862322426710011
48;0.04561799912909373
49;0.09628774031617518
50;0.22877016739426087
51;0.07337662796102948
52;0.18546484382974415
53;0.04398039024021294
54;0.5407835943271782
55;0.15738502696515952
56;0.38562999026052464
57;0.27703497131436483
58;0.05658826012119564
59;0.08498576805381539
60;0.12021309137165691
61;0.13072365804842748
62;-0.059397834456184156
63;0.22145009927250592
64;0.11946390879999849
65;0.15205752173614054
66;-0.08617331441440143
67;0.11907104606683692
68;0.3811423285461714
69;0.09669790206697255
70;0.11783150456778989
71;0.023025256007185323
72;0.05919775581694478
73;0.06662332263905817
74;0.03375435593913235
75;0.048890508555107334
76;0.034884119968248285
77;0.12802239041222285
78;0.05315814592057525
79;0.27750321330822747
80;0.0732797245759392
81;0.24951770017705827
82;0.34865573581692694
83;0.1906447504224136
84;0.06389385531413369
85;0.011419168241821959
86;1.0427514907192803
87;0.7576928800825304
88;0.028572525609641172
89;0.06936950175873306
90;0.27041171644876627
91;0.09787904389442245
92;0.8478163584720482
93;0.4094328241606953
94;0.2371151458515276
95;-0.014320453394786312
96;0.2716774785401175
97;0.1235193947800971
98;0.1202858842231773
99;0.9829628634859582
100;0.26093322755041215
101;0.08218723427370477
102;0.09549295522207782
103;0.011407465178789017
104;0.051026343610999364
105;0.15856386997603358
106;0.17888696873838353
107;0.11039990757593059
108;0.16308147083251676
109;0.19806482621985574
110;0.15864351961419618
111;0.289738780451159
112;0.3653590168501473
113;1.0361836068780612
114;0.09560134965808377
115;0.9674488146307465
116;0.24083180461080594
117;0.1800083332695825
118;2.034225543900185
119;0.03764887499477694
120;-0.06876113508456289
121;0.20945633575086542
122;0.46170985293331585
123;1.7675300038704929
124;0.06041686375363755
125;0.12540974012719092
126;0.196900096699011
127;0.059029553502552276
128;0.2866264720518342
129;0.20389961767662584
130;0.10018801688639722
131;0.08437592766039931
132;0.44029188059166363
133;0.03510093730221267
134;0.015840349439114665
135;0.12261607850963926
136;0.2971277805110068
137;-0.19182871883853375
138;0.03179046142369661
139;0.07918207205522262
140;0.10174294799407921
141;0.08110054555326895
142;0.02980619475611309
143;0.15912676861338987
144;0.32574056784394356
145;0.043913501024959126
146;0.28488881266280075
147;0.09108609005503104
148;0.09623012752568302
149;0.06096411210662103
150;0.8664213384635207
151;0.06591719645508523
152;0.20112602616373576
153;-0.19091452793464986
154;0.2621880400971608
155;0.2026883248163015
156;0.5161684638563597
157;1.4873934723034337
158;0.11565051071595861
159;0.18838106814961172
160;0.28713243163092
161;0.037286527992762615
162;0.02962426004159606
163;0.042843452169879045
164;0.8005139777985164
165;0.08262249091486358
166;0.04598273859336927
167;0.15244405251746468
168;0.07914273808227863
169;0.015055140450276769
170;0.12845483619863027
171;0.6098871518053157
172;0.0701549181492
173;0.18447724605874904
174;0.06656729893601304
175;0.10533757503810215
176;0.12464744277240722
177;0.1490977758384553
178;0.17374187840081676
179;0.48605708427945443
180;0.3566223596165556
181;-0.17949824295869465
182;0.07791907495583107
183;-0.021588457309823325
184;0.060744060316676535
185;0.26858273032852636
186;0.3218570743095382
187;0.14221970660611677
188;0.044546460491395046
189;0.04901793437092286
190;0.11569644990095762
191;0.09276991450501654
192;0.07086164099117205
193;0.03900923723769881
194;0.0899573697500939
195;-0.033692040586792565
196;0.17916114293802038
197;0.11796001744444694
198;0.08332686393615307
199;0.05635534277454566
200;0.5178751734677705
201;0.26913253927596226
202;0.3458827975184415
203;0.5874551460502477
204;0.5803176623133843
205;0.26785528277039217
206;0.27683222218500814
207;0.21692329165291263
208;0.03320681620078224
209;0.3021075038770774
210;0.05734270350407006
211;0.2721557990586036
212;0.022387588585877215
213;0.2308648727286697
214;0.07676782206519464
215;0.20964375945461033
216;0.16287220909008834
217;0.12301007113170685
218;-0.014202916812850297
219;0.17362492026790335
220;0.189900556269595
221;0.21694403645225524
222;0.26774156320750775
223;0.0979568749417906
224;0.09232673813397686
225;0.21348402819135678
226;0.1495602410215552
227;0.3937063711967284
228;0.4243658965408605
229;0.06962871559799379
230;0.05315385813768851
231;0.08009340241099418
232;0.08001152456006946
233;0.022894914501186373
234;0.13006614958467966
235;0.4060727281832758
236;0.13247454678628817
237;0.3086602536051027
238;0.03540052187760072
239;0.08300757682093948
240;0.24007964823823735
241;0.3123439577070415
242;0.02556658837568513
243;0.34146548090205747
244;0.2952642121856934
245;0.0055062933337113595
246;0.4562263960740713
247;0.12815473088255774
248;0.07639801165164145
249;0.045814208530175544
250;0.09869293754658584
251;0.9048656904562713
252;0.5209971781974168
253;2.3917875950622167
254;0.16413501460055202
255;0.0817951494404991
256;0.050651539611288994
257;0.1538712380940427
258;0.11060472849464369
259;0.03944074907065721
260;0.1935214293836187
261;0.12257888218622813
262;0.22546125195873512
263;0.22957149460798792
264;0.21967846410113948
265;0.44664428058920763
266;0.00978539615260414
267;0.10854750313235513
268;0.04648184731626995
269;2.121571805013282
270;0.14951288298337473
271;0.10071971149585522
272;4.952021595833938
273;0.0722355631320856
274;0.08058063977716276
275;0.14863844179816285
276;0.28073158912689583
277;0.2360652431164625
278;0.8194666588400341
279;0.14386842945464193
280;-0.05867609276645028
281;0.07840366873919905
282;-0.01996921980233582
283;0.4953178748094939
284;-0.010621524497768292
285;0.22478201374470014
286;0.13492965074067875
287;0.0920992353983605
288;0.1073169321700988
289;0.6543342150247902
290;-0.00407617239177073
291;0.834209667638085
292;0.047201264317096744
293;0.4909355742818185
294;0.20757698262611216
295;0.15544310705620704
296;0.048993225312096704
297;0.260472550120968
298;2.2469039623103555
299;0.11622952673914178
300;1.7928274724111573
301;2.185689191988888
302;0.10620381856279987
303;0.15914481745265813
304;0.14307427022118702
305;0.3395138781407016
306;0.17401856060764964
307;0.3405079666437623
308;0.28159757982146427
309;0.07373842262862573
310;0.024484535719444686
311;0.13894973153124723
312;0.2205944066591035
313;0.1317172479189514
314;0.2673759102275133
315;0.36297235192943966
316;0.15107575338197385
317;0.5888960158852319
318;0.19994646128566052
319;0.10147262388981844
320;-0.15319418763846832
321;0.0891789196190182
322;0.05450785186807117
323;0.14917209989069208
324;0.18346768873946348
325;0.257879531203091
326;-0.002298369917728832
327;0.12448600914400246
328;0.032237091373680624
329;0.1621869823544763
330;1.1396613181919757
331;0.07177049762909643
332;0.19064174622427293
333;0.07635564878379843
334;0.033130519713642025
335;0.02322043286069811
336;0.029705582868954347
337;0.005344615045611623
338;0.02094030063993047
339;0.07764528653624543
340;1.5721554879309072
341;-0.7458097746190082
342;0.4837813755253451
343;0.09744475354083511
344;0.028269720213087282
345;0.015304674361568717
346;0.25982594971164646
347;0.03467058472235828
348;0.1511843568436683
349;0.3715855769470733
350;0.08131008338587775
351;1.1784019305034799
352;0.05522297665643471
353;0.11419614691705422
354;0.06533446475023051
355;0.10579551932261996
356;0.21081874426101013
357;0.08741602515478161
358;0.07926585893617155
359;0.18525084709058784
360;0.08375085734959892
361;0.15180438035599267
362;0.2690307440817584
363;0.07286936764382188
364;0.1478269747673629
365;0.1751938249185503
366;0.0732400267759986
367;0.0863003731130364
368;-0.003268684972529412
369;0.06276450919642157
370;0.14835785516738353
371;0.276565278735741
372;-0.10598166987965874
373;0.4596708006837564
374;0.09835412083277212
375;0.26099447932003705
376;0.02563233224698755
377;0.1928257923971492
378;0.020779310628802256
379;-0.022757523628027215
380;0.0902894834474735
381;0.0413959649987342
382;0.17831378453573743
383;0.2608824407807675
384;0.871981318013983
385;0.17424885750355396
386;0.2739527369407316
387;0.07690063722416314
388;0.08089650176949811
389;0.0674775739303635
390;0.44089433021859087
391;2.837054657790578
392;2.3824245721599966
393;0.1414907800808633
394;0.1452903774825299
395;0.1712544517858835
396;0.9660699541798872
397;0.21257487341748865
398;0.09989588782472084
399;-0.011764243391020793
400;0.296464855875559
401;0.030695827358802052
402;0.09582754968686798
403;0.03459596320903884
404;0.11482062098947482
405;0.21113239351808027
406;0.03973451186185354
407;0.0489453692281824
408;-0.09572654159224081
409;0.09389841006849613
410;0.015389692483046134
411;0.1834679250569184
412;0.028858561783506695
413;0.2444784208860654
414;0.33203105807195105
415;0.09494865045072373
416;0.045186557558364086
417;4.054421245192248
418;0.04620739762623297
419;0.04943207702283686
420;0.04244683601078438
421;-0.42158917540900115
422;0.29418677761083534
423;0.07664974940848565
424;0.025917033951537785
425;0.03490458965263316
426;0.2977641281091411
427;0.14805353713279296
428;0.0633248075754798
429;0.0889273981835817
430;0.2990901026991282
431;-0.05575713826449982
432;0.24302635952270277
433;0.09546877275809289
434;-0.07742843181362974
435;0.13584626109634593
436;0.0681339216190849
437;0.12379549819806178
438;0.0255534462491862
439;0.07863510400765361
440;1.4129558049519462
441;0.22675632959466024
442;0.0481172304336403
443;0.0821763641210401
444;0.8653743682766049
445;0.18332335876520228
446;0.32372206696065825
447;0.043784082449439654
448;0.0012469974446316506
449;0.41212462206257483
450;0.08355416389601475
451;0.6314596175396043
452;0.0831738590890746
453;0.08000772257817611
454;0.01810662866221841
455;0.30175716264030833
456;0.06935637505387607
457;0.2976272693459947
458;0.1166901074786147
459;0.08641190616126992
460;0.034059129570572326
461;0.24640945329577477
462;0.10017667691861576
463;-0.25809645818310295
464;0.03899564655758366
465;-0.07832878139866575
466;1.370619190430819
467;0.145634963443161
468;2.041817882687967
469;0.07268121233609558
470;-0.09910125853973084
471;0.1028922150192249
472;0.20672255848151022
473;0.0821786188602111
474;0.08865964725898683
475;0.05527523530150214
476;0.13375737405371413
477;0.2307884563456424
478;0.6483265149344828
479;0.05357667924892276
480;0.1300164859281275
481;0.2826645619293292
482;0.18218466418330848
483;0.059734504183364644
484;0.2299976996835008
485;0.16059340473461164
486;0.12292440261354225
487;0.14415190912291015
488;0.09234962779411515
489;0.08134995691045949
490;0.04911516327578163
491;0.14133061537203656
492;0.18601238563655956
493;0.20346025862737788
494;0.37978231145532826
495;1.7645307358478706
496;1.0921900778603204
497;0.08727594430896041
498;0.2209718824193911
499;5.34846460217617
500;0.1262575396385673
501;0.15706662102936525
502;0.05652124672596191
503;0.3509591303638456
504;0.5969865082025794
505;0.03725521253831305
506;0.6552271570756325
507;-0.29726402538624414
508;0.22007835402819803
509;0.3248245388892575
510;0.47404749514820327
511;0.04281603639437728
512;0.16388573065688294
513;0.16260238071380242
514;0.05821162202617166
515;0.3462048953373689
516;0.07879425574468062
517;0.11090746631807447
518;0.30086689771454833
519;0.20018701305204323
520;0.9312821179029644
521;0.12295550135570664
522;0.3612672288115704
523;0.19465744001589735
524;0.3276763969932452
525;0.12142129384490595
526;0.07418496519138515
527;0.1366516781611885
528;0.10483223075554057
529;0.10787952852579871
530;0.07334592613847482
531;-0.010816348294437589
532;0.0456314860975901
533;0.04118860017624759
534;0.09214895954663349
535;0.11203071741767537
536;0.06621788083969657
537;0.524426748583557
538;-0.109305015020745
539;1.1614158867474984
540;0.14531249110720507
541;0.1123036532077338
542;0.10998025564192662
543;0.11780180878430235
544;0.17976578023211168
545;0.12122732898990463
546;0.12738018456697878
547;0.21445510241149418
548;0.26888085073316204
549;0.12507495699461288
550;1.016785891036627
551;0.7297293042290305
552;0.2354922597590115
553;0.11391917796792542
554;0.09613592214723338
555;0.5126862861793031
556;0.08343161578250585
557;0.0037136871255290527
558;1.6778940565058091
559;0.10932020197328579
560;0.1492062084958945
561;0.02256647464527991
562;0.08380085470921396
563;-0.03326199910264814
564;0.14068411467187752
565;0.17700353708926286
566;1.488006231167876
567;0.6089983471828577
568;0.10159514905628127
569;0.044842313445004015
570;0.15288553098741478
571;0.015664288584318585
572;0.05409737098666424
573;-0.12455890924945123
574;-0.11726524181554465
575;0.10881588365493051
576;0.06668839181226832
577;-0.06308575954443524
578;0.0798579044427774
579;0.5124438724550304
580;0.3724696283951426
581;0.2809931342457818
582;0.14325787584762725
583;0.20317671637026477
584;0.07744207132495859
585;0.4682798897214311
586;0.4484755119395145
587;0.17830542772100155
588;0.33452810866700017
589;0.14471922708064583
590;-0.03988964216901525
591;-0.3512227945659289
592;0.14925291080446523
593;0.21735024382745705
594;0.30534158437790415
595;0.18056420321215305
596;0.009394969797600274
597;1.1013442424359683
598;0.1432534840029167
599;0.5592536529131176
600;0.14282667717376987
601;0.6052157309719759
602;0.5709543254897742
603;0.08771222266533507
604;0.17825129124011022
605;0.2476641479356222
606;0.9351586860779937
607;0.00416656831768486
608;0.21012026686388913
609;0.07825244642049967
610;1.3684239201358244
611;0.04059698742576201
612;0.0938027469925812
613;0.20065104036461406
614;0.6671492818936906
615;0.299311346669237
616;0.043215787970695904
617;0.14380869850085695
618;0.5332114070560667
619;0.10366552352741662
620;1.4035088427186844
621;0.1613943014689869
622;0.030067316251681103
623;0.13469424668559152
624;0.19202910615624502
625;0.3121129347141134
626;0.07958295669332699
627;0.14614541566236564
628;0.02868717908422521
629;-0.242935335715329
630;0.08622170326927056
631;-0.09718227705247814
632;0.10461475619973767
633;0.3752445466156129
634;0.1328197152289909
635;0.10639817081522682
636;0.20884467738733817
637;0.1754027092736305
638;0.04799606415314419
639;0.4175097708695145
640;0.02118716817392341
641;0.1765199538594569
642;0.1753540179381316
643;0.7115466624520685
644;0.10529394349617381
645;0.15993996454657872
646;0.010023076417484567
647;0.09900199409125038
648;0.8207179552157948
649;0.3162454921804821
650;0.07783153428740366
651;0.043557757419747246
652;0.40781448487709915
653;0.975892707832547
654;0.059337797679535564
655;0.17709665042405176
656;0.0689261910824053
657;0.30514813895895787
658;0.6302455756151877
659;0.0800731492352143
660;0.10190645433750828
661;0.3048992953169108
662;0.009635483664533886
663;0.369101627025462
664;4.60908808926347
665;0.15416602758241554
666;0.34181573421775396
667;0.08368994750986908
668;0.0798939158392042
669;0.0845140863230155
670;0.26646881735058947
671;0.08208653130139965
672;0.49840916169221994
673;0.13745848109075764
674;0.14709743315420307
675;0.03521498372000377
676;0.17551365224259893
677;0.11171030263378857
678;0.18964028774204075
679;0.2942449668645891
680;0.38993114029827164
681;0.04525203635081757
682;0.3183419170243955
683;0.2576931503844498
684;0.2574153702570309
685;0.18410232553672753
686;3.971563990298856
687;0.116991796818818
688;0.08781048135278217
689;0.09305922692516777
690;0.1817492979954472
691;0.07419991731400807
692;0.04323051119129617
693;-0.021188336149787657
694;0.25384372223683227
695;0.21004904499412175
696;-0.003446635142097032
697;0.30846400307483984
698;-0.004929158674795264
699;0.07997942183948835
700;2.0292808694131823
701;0.19808490676056553
702;0.11119515829700993
703;0.41821184021062113
704;0.050484680732339096
705;0.15191018241878823
706;0.13875915835136468
707;0.11731103566157562
708;0.06519153816921797
709;1.5157257142086822
710;0.014668355941433092
711;0.2284455138307919
712;-0.0021158993427083383
713;0.19399659373113928
714;0.06513382729516463
715;0.3651235868799942
716;0.16632456869424875
717;0.3522254021368333
718;0.029762045627161768
719;-0.45787024793264425
720;0.49268457222778095
721;0.09593917043481023
722;0.182951786338093
723;0.1344573104829318
724;0.21279448863658143
725;0.11325533683561545
726;0.15060142602100351
727;-0.016483543099891917
728;2.6081869012042054
729;0.22594039931235443
730;0.14834601062347358
731;0.18977053046411307
732;0.029756547934532848
733;-0.05314583481401068
734;0.07319542862672233
735;0.1680857748444457
736;0.05371765737184285
737;0.29343330871474377
738;0.03597855887306786
739;0.5332392583899166
740;0.0747073578361741
741;0.15404656395958238
742;0.1902645300898847
743;0.03907382384126987
744;-0.049246668936444415
745;0.29309417807052174
746;0.7752844073886871
747;0.13420939881773392
748;0.12516374193874333
749;0.1294285674670209
750;0.2075869178461163
751;0.217427059805964
752;0.3916925673524709
753;0.15247443101262084
754;0.7492275071628054
755;0.2381846844467595
756;1.0749404449283368
757;0.038684003075188225
758;0.29619093385528483
759;0.1410916891541103
760;-0.40696359166508284
761;0.04838917238435849
762;0.1790509898005218
763;-0.18427663096806657
764;0.06645314016413975
765;0.022353259368976947
766;0.2781748461263245
767;0.08628991869981373
768;0.23109582828779723
769;0.4742493647140229
770;0.21020212788633816
771;0.07547747393420617
772;-0.348337783520495
773;-0.06966948230807049
774;0.15514444974509098
775;0.13559544764329723
776;2.434522427055209
777;0.5193559469970093
778;0.0452444855148329
779;0.17897273346418635
780;0.04034036319553999
781;0.19852999658430456
782;-0.006714368770678256
783;0.08514615182109235
784;0.25186517439773215
785;0.041801299149960475
786;0.11493748789837652
787;0.6929539829755966
788;0.2947770216938228
789;0.04807626154368866
790;0.219629159798826
791;5.52155344300066
792;0.07877475544029747
793;-0.0649124522197454
794;0.6365012648403516
795;0.09939674191573877
796;0.3713206999077369
797;0.2733960481992487
798;-0.12242041572362103
799;0.7658525444263724
800;0.3976794982844151
801;0.5043665957530279
802;0.7383166728663753
803;0.13352900321131092
804;0.3344851052725188
805;0.061713504951467484
806;0.02859404757800077
807;0.03201695559838513
808;0.16051130528219654
809;0.055221571556474856
810;0.07372395081808429
811;0.03576433512355079
812;0.07714166937022296
813;0.06686234883837934
814;0.14806898408099828
815;0.17034648398492513
816;0.23820288288703856
817;0.06627106284218223
818;0.5038932668118614
819;0.03998500973227855
820;0.2756249536347672
821;0.0058724746118150595
822;0.10506445233258334
823;0.09304206545009355
824;0.039733746883995655
825;0.05705626376117019
826;0.04162853700223326
827;0.1532833039047145
828;0.0801704234039417
829;0.09080283377674847
830;0.13689755312130789
831;0.15876942574187342
832;0.036538398863749905
833;0.06304886182902238
834;0.6296945084568373
835;0.1135607525965085
836;0.08565837044108232
837;0.08659015356729662
838;0.38232022975531554
839;0.10772425770669751
840;0.12263575767680207
841;0.06564637423613753
842;0.729420798840978
843;0.31760317262321236
844;0.5214837660644579
845;0.2435574464897421
846;0.03367029898937842
847;0.07030507067847665
848;-0.02372926403909885
849;0.039480716666162104
850;0.2031254854294135
851;0.13930132959985367
852;0.03910595300258661
853;0.17337260303807633
854;0.05349683785932144
855;-0.029374225768550657
856;0.1547801609868225
857;0.5081505267574702
858;0.3518899070445633
859;0.1895195051151958
860;-0.07344104639017959
861;-0.22751790316927223
862;0.706203891005887
863;0.49257930128820215
864;0.03195145965088345
865;0.18511389335128337
866;0.06820220064642597
867;0.9167535081194549
868;-0.16024964549087867
869;0.2459581376147863
870;0.13080568441891668
871;0.01860496205021772
872;-0.016667835339358117
873;0.09844299180954635
874;0.33110290116215346
875;0.3903530981767451
876;0.13353121232172593
877;0.07533523950018121
878;-0.20976708488012147
879;0.2456536461816
880;0.09920356136772031
881;0.32594967928693463
882;0.056538784992989526
883;0.5247674973224288
884;0.02525074960417399
885;0.5723233800608372
886;0.25416408540655516
887;0.07584897155250538
888;0.200585293223833
889;0.6543080346871333
890;0.4109870077290498
891;0.027075003011788806
892;4.948157396161796
893;0.250976363173116
894;0.13657026725401988
895;0.39498560352481965
896;0.14774529591132818
897;0.14450166916169288
898;-0.026483134863627744
899;0.051051185250849035
900;0.08751203888338097
901;0.1132235094290389
902;0.029388031966885997
903;0.024146373462541976
904;0.37913309254928385
905;0.1731654761516566
906;0.22915122913532412
907;0.06693710118984195
908;0.9516339702457257
909;0.39521147450739885
910;0.06567186938257963
911;0.5529375094201989
912;0.12573315568953455
913;0.16440039533001344
914;0.16882717234200698
915;0.06682596955452447
916;0.15273191250359847
917;0.01389324670408773
918;2.0763790520544876
919;0.14385209035594548
920;0.027052900707795202
921;0.08130436753262478
922;0.2870261728694327
923;-0.06811164831269781
924;0.037647232375399686
925;2.6914411573058827
926;0.10670144650523807
927;0.1321762714752388
928;0.05875486122455925
929;0.13571344218069276
930;0.11364120812369322
931;0.47011687280115544
932;0.05970682898247835
933;0.2386085156530866
934;0.4963302761275153
935;0.451442573744207
936;0.5183324726333013
937;0.07265656601411573
938;0.7517445252691877
939;0.15923707851530833
940;0.03250543880370626
941;0.040068696534147866
942;0.1777782531026193
943;0.3428118041040586
944;0.17458363475472793
945;0.5782785212256754
946;0.09681631778337443
947;0.2346318248063471
948;-0.03169118830338796
949;0.4417040349616153
950;0.1453872043486872
951;0.5101545174076765
952;0.05011024987226763
953;0.04377781866437075
954;0.24732191969099815
955;0.09163847478570782
956;0.0415395739533979
957;0.6574679800302776
958;0.09892995865608756
959;0.031543285684053554
960;0.07732988873409145
961;0.1303619837908212
962;0.07360803734611128
963;0.18950202017648526
964;0.9464105456150071
965;0.27618149020391247
966;0.16913647641685958
967;-0.008905018298822204
968;0.38589341886242307
969;0.07751363515774384
970;-0.00017528428044268074
971;0.2193160895472841
972;0.27817149279693143
973;0.09992601514255862
974;0.06270799968575477
975;0.3269511882800364
976;0.1229880499430327
977;0.2391304629840036
978;0.15546427356598666
979;0.8285290750210326
980;0.03287804077004395
981;0.322111629900902
982;0.010222931122355977
983;0.05076914470800062
984;0.2958558020797723
985;0.23467995556250648
986;0.32770557093389546
987;0.09163608766576427
988;1.3117489666387787
989;1.3753577700097077
990;-0.23133066030377603
991;0.07965734989301651
992;0.0653327085722527
993;0.07915381543968025
994;0.048967563469241554
995;0.12467714955542003
996;0.28932260609932386
997;1.6790726886339384
998;0.07186962628889247
999;0.2562665070101214
1000;0.2807204366030237
1001;0.184712556869706
1002;0.31198178473676397
1003;0.13600009691978043
1004;0.30828670788659374
1005;0.2453339041236501
1006;0.10023631334377472
1007;0.02447089426869646
1008;0.07451698856400268
1009;0.06000963588971099
1010;0.045284519054739
1011;-0.05169148879155079
1012;0.010701666580850339
1013;0.4284735460282734
1014;0.1721657857566259
1015;0.3600773692147054
1016;0.14363999824146056
1017;0.28048796339584814
1018;1.3163946379533535
1019;0.11053050662737071
1020;0.3143578430147992
1021;0.08778595074866008
1022;0.2003080926218969
1023;0.13751400828392146
1024;0.059503377475634084
1025;0.0746537546132117
1026;0.08039751871217757
1027;0.880343889128395
1028;0.10040649175930402
1029;-0.2954710556531545
1030;0.07091032423364818
1031;0.09084283714074638
1032;0.13182069461072524
1033;1.02475600105164
1034;0.05893479036724226
1035;0.19325383281783398
1036;0.1802682211787763
1037;0.08340185503538025
1038;0.16853317862633072
1039;0.15789481091453653
1040;0.179172011760052
1041;0.320261293754119
1042;0.13532282708096421
1043;1.590677530921565
1044;0.05920900395636572
1045;0.07860591248072994
1046;0.43084457449097713
1047;0.06963579689816732
1048;0.05305787743882511
1049;0.5967727853299158
1050;-0.11512416806504405
1051;1.0253467654193018
1052;0.035451920693726685
1053;0.716196398508071
1054;0.0780345567479807
1055;0.04059317765641414
1056;0.5846117329158143
1057;0.3535192281157539
1058;0.04907082423405709
1059;0.15717187935973656
1060;0.4311952143239007
1061;0.1625526147226582
1062;0.10305317440756967
1063;0.24370991232599168
1064;2.3055413290795883
1065;0.19897068817403804
1066;-0.2733489052838947
1067;-0.07954073626463665
1068;-0.05045229596774603
1069;0.1715631305113791
1070;0.08869064551964345
1071;0.4458387494932506
1072;0.08155483786421729
1073;0.01132747974275726
1074;0.009268447435727509
1075;-0.017669841670208075
1076;0.09044595849247358
1077;0.17319560287470603
1078;0.2863222460873387
1079;0.09774994245406901
1080;0.18484700647667562
1081;0.06569575321714
1082;0.3210152699705177
1083;0.18570085854169655
1084;0.034094989887519384
1085;0.40538206478823796
1086;0.04708455817192797
1087;0.28250820502959556
1088;0.4924484563081611
1089;0.2714404562848509
1090;0.22700753272422744
1091;0.7810977262306977
1092;-0.17493812229234545
1093;0.09138345488291287
1094;0.3617974810373088
1095;0.10718705849854628
1096;0.109601669896521
1097;0.3455234652214971
1098;0.11864550340268352
1099;0.1819614760413512
1100;0.7566964607267812
1101;0.03378210942101044
1102;0.046362783683496
1103;-0.10324679791247637
1104;1.2196992179028008
1105;0.028352611998464075
1106;0.04383045465879809
1107;0.10066155471934267
1108;0.0848678375743713
1109;0.0029429250851534805
1110;0.6541895514970772
1111;0.25569838146016766
1112;0.07691810247725699
1113;2.3819258524836653
1114;8.575824200221516e-05
1115;0.01582284556765723
1116;0.0036305971072005117
1117;0.08989269969584705
1118;0.09649182284741338
1119;0.05916763221453665
1120;0.12767675520280647
1121;0.11238758696850745
1122;0.0054443428915663394
1123;0.39021784939248233
1124;0.035808255118788324
1125;0.6668071337017416
1126;0.508038439434175
1127;0.31158198881366395
1128;0.17219504543853786
1129;0.058361043015931535
1130;0.217426225662409
1131;0.09272253676327255
1132;0.02387873260274878
1133;0.08517369642101688
1134;0.3273587976454031
1135;0.14371338435129077
1136;1.8181746138842352
1137;-0.12019012458368433
1138;0.47453002437360653
1139;0.07247450321391967
1140;-0.007582940604522415
1141;0.08092295158212554
1142;0.12297251489072211
1143;0.02345309781535617
1144;0.10452124855199865
1145;0.24236056303850168
1146;0.11300009002171651
1147;0.20045791781516403
1148;0.2375348445779028
1149;0.11683450857835209
1150;2.6079953250310215
1151;0.0071375405837480685
1152;0.2411512017966859
1153;0.05097220496931839
1154;0.07334293437487403
1155;0.05029343122818428
1156;0.17102066718147255
1157;1.308180768712803
1158;0.04179841295122231
1159;0.21686295795494898
1160;0.4781069223192899
1161;0.11981284636068355
1162;0.6550336482094077
1163;0.15067227589468352
1164;0.06880939872438446
1165;0.17286690859521595
1166;2.116004234945584
1167;0.08740762308586868
1168;0.22606417566372836
1169;0.12431476552001086
1170;0.2691897775163754
1171;0.03168427271785154
1172;-0.04400504762926974
1173;-0.16220260498373734
1174;0.43766354487315473
1175;1.4547889708693693
1176;0.3785858313681655
1177;0.1848081995977926
1178;0.03428112910060006
1179;0.18111596529351315
1180;0.1379456093573508
1181;0.6006895799711223
1182;0.03629965206060261
1183;1.180593093761365
1184;0.5101665716656023
1185;0.189586275686851
1186;0.16532410513628565
1187;0.17025978853890655
1188;0.2951113209577654
1189;0.03381454185389833
1190;0.18563020790287543
1191;0.033669932461619645
1192;0.501389359079272
1193;0.046922236219265584
1194;0.17678224469442505
1195;0.30847874315493246
1196;-0.0414297982741155
1197;0.20072537597436543
1198;1.7835522398162478
1199;0.11506484260385597
1200;0.15230006749553054
1201;0.02460494774425037
1202;0.19575095184778446
1203;0.4398832376542026
1204;0.1259030507888701
1205;0.22692771347285173
1206;0.1603282418671871
1207;0.03304487725686739
1208;-0.05473865267283859
1209;0.038756326010955314
1210;0.2634069483372561
1211;0.36516409223712726
1212;0.0872089932599393
1213;0.035643999225567026
1214;0.2624253274863635
1215;0.1886024659312166
1216;0.23608091092283595
1217;0.08660287852280979
1218;0.02296889603582808
1219;0.02411507893041888
1220;0.2611952401413218
1221;2.1780092267006417
1222;0.11641928409752407
1223;0.06585115588382269
1224;0.0018962291463675285
1225;0.07554767984666422
1226;0.09578879530217678
1227;1.0364668632232272
1228;0.1916397607988984
1229;0.12442697006643386
1230;0.09461360116363546
1231;0.050459857243561675
1232;-0.14109627114767195
1233;0.19736555582671486
1234;1.5915397103640814
1235;0.01947354731888755
1236;0.13458961964937877
1237;0.4444960442377054
1238;0.1669792073594902
1239;0.07664522793104206
1240;0.07315626221251297
1241;0.49855016179197603
1242;0.36730157588736073
1243;0.16152504348377045
1244;0.19767807573891794
1245;0.017268970185284914
1246;0.08585586753339194
1247;0.038061225476810095
1248;0.5193502266088013
1249;0.25174714128121567
1250;0.26212806096349084
1251;0.21449552765844737
1252;0.12241544684461993
1253;0.08584138150298379
1254;0.17452865010491364
1255;0.4730305012801593
1256;0.06683038146829894
1257;0.024270768715554843
1258;-0.11142523362974541
1259;0.5107829012554193
1260;0.046421093171561754
1261;0.11947847030863012
1262;0.0634614168373766
1263;0.1477650138951185
1264;0.19989668399521957
1265;0.08028878605603604
1266;0.11990473298837612
1267;0.09700977828863251
1268;0.44564388565615015
1269;0.18820994781030528
1270;1.6826724373971178
1271;0.02475330025255227
1272;0.795593584497708
1273;0.47993745959490536
1274;0.728512280112966
1275;0.06048202410041381
1276;0.10180808624746289
1277;0.35057383628161937
1278;0.30917800370041393
1279;0.0512236095502057
1280;0.24031056635023829
1281;0.16753183296635873
1282;0.07765890730764549
1283;1.5949552488644123
1284;0.3255265404874568
1285;0.14564438904300045
1286;-0.05887212256171753
1287;0.1142902158723843
1288;0.04443249718155406
1289;0.22142514094602297
1290;1.6535600351962882
1291;0.3271977754864282
1292;0.04001502500820263
1293;0.12884098096513452
1294;0.26630186821937357
1295;0.1516833022816113
1296;0.13294515890986197
1297;0.3694593026254894
1298;0.07170009767779359
1299;0.1896652488509481
1300;0.08635410840002536
1301;0.17857068806776052
1302;0.12903268032898113
1303;0.561640699809246
1304;0.34930899692495615
1305;0.0681739612346508
1306;0.14306305943251763
1307;-0.10197508813962233
1308;0.051829303183012126
1309;0.03822040061436732
1310;0.07245637026351473
1311;0.13565104647111578
1312;2.133422408491728
1313;0.04270492744928239
1314;0.07717216790766626
1315;0.06372295291088964
1316;0.2417626846286713
1317;0.30815957699936036
1318;0.07555613124298613
1319;0.1209150218507755
1320;-0.11850051126342354
1321;-0.02859660622442879
1322;0.09632914765410452
1323;0.26950100974806646
1324;-0.47236333715612805
1325;0.11652357469240021
1326;0.18344873094926806
1327;0.27523200231249983
1328;1.4324568469292664
1329;0.756888906013639
1330;0.06106273968289433
1331;0.20528564106489283
1332;0.19440399033616418
1333;0.07175726888385378
1334;0.07312311142947424
1335;0.5543303210013872
1336;0.2988723743276305
1337;0.09255689440850629
1338;0.15374350764068023
1339;0.06372911368498496
1340;0.1282886940030901
1341;0.058436738706326014
1342;0.17188295878786347
1343;1.5561964444102552
1344;0.032510093755750875
1345;0.18196478505569819
1346;0.5799535402597418
1347;0.07576834523301423
1348;0.28392132282160526
1349;-0.14018858434709008
1350;0.6914169518084754
1351;0.8174737193531447
1352;0.4077688095239871
1353;0.13827252955064703
1354;0.16836245845372208
1355;0.28945205396785634
1356;0.0778376000728955
1357;0.3667832947408279
1358;0.8054872581958901
1359;0.22568282262195632
1360;0.24942177880238
1361;0.3378120770308732
1362;0.08150335080809827
1363;0.12427653675333239
1364;1.3088358259164847
1365;0.21836075912409705
1366;0.17590282588251802
1367;0.45915266062124344
1368;0.1928455796773227
1369;0.10668532485760443
1370;0.2512365251546085
1371;0.11725912880988043
1372;1.3684016062212265
1373;0.6220722814949415
1374;0.03914437275413933
1375;0.09841530270879993
1376;3.5549621076899616
1377;0.3459627928311795
1378;-0.10370381832484005
1379;-0.0033663368049626496
1380;0.37946560522008904
1381;0.2113171590418128
1382;0.04226676328240937
1383;0.031828060956254595
1384;0.12208908272544397
1385;-0.15764890614402655
1386;0.08839465363945764
1387;0.10145134404546166
1388;0.053676205680246725
1389;0.39328263754282233
1390;0.1916945413975062
1391;0.07231515058124635
1392;0.12275463370861046
1393;0.3548315950957079
1394;0.2467658296654031
1395;0.4955890186333654
1396;0.38725721743629116
1397;0.22195921574905147
1398;0.30222750549111
1399;0.0727719485703652
1400;0.21223241014714816
1401;0.16705317037901093
1402;0.17919944865858767
1403;0.36146583217086375
1404;0.15299060882780785
1405;0.39096022335686226
1406;0.18049927449882963
1407;-0.26459963141005416
1408;0.13535914802928412
1409;0.7019627019484087
1410;0.04342654314051175
1411;0.43442108948152586
1412;0.27061138704615584
1413;0.04232195876851305
1414;-0.10344069808270895
1415;0.010924135210396813
1416;0.18075237004187106
1417;0.495790326673913
1418;0.08106521008371459
1419;0.07517480747024291
1420;0.5775428772973821
1421;0.3447380492588036
1422;-0.04804295899549611
1423;0.27751463443221214
1424;0.717309597240853
1425;0.6313663190748768
1426;0.07775651520658539
1427;0.339048313539404
1428;0.004458111762482869
1429;0.13324898372245686
1430;0.3111096979482326
1431;0.10074988865737139
1432;-0.992891081388215
1433;0.030875349482193018
1434;0.17769966138828497
1435;0.31684333248844265
1436;0.08697740103608312
1437;0.2313400300513822
1438;0.12569487133704155
1439;0.1991428800240535
1440;0.06370842691891841
1441;0.03903407898567918
1442;0.06334348163060727
1443;0.12524550383472727
1444;0.12907480915601427
1445;0.12935379890594073
1446;0.08847727253856698
1447;0.2268152728250261
1448;0.050390908480731106
1449;0.2905765346095094
1450;0.26697229412487067
1451;0.2018827517951563
1452;0.28494264944057424
1453;0.06635412847878686
1454;0.22495442817094569
1455;0.7989777339747843
1456;0.007901325541766271
1457;0.18400964869811348
1458;0.21676402653367907
1459;0.1369587582136963
1460;0.2879851054285684
1461;0.07042956147338277
1462;0.06279212557551397
1463;0.21911305161131833
1464;0.053718973206441305
1465;0.20431784329467617
1466;0.091439750510828
1467;0.41376466683823215
1468;-0.11067947595292399
1469;0.1431206274415059
1470;0.0492203391621281
1471;0.19296373023941482
1472;-0.6146008372040739
1473;0.26404697153907997
1474;0.17022842954613043
1475;0.14508508835209644
1476;-0.019931223157209466
1477;0.030635030165368074
1478;0.09943883473850898
1479;0.39083809018966403
1480;0.14216164678335624
1481;0.07080067714603935
1482;0.17792762588879144
1483;0.08898630411803396
1484;0.038914210432439894
1485;0.033761902700945784
1486;-0.056153105048286134
1487;0.10631147890311271
1488;0.10413099862851824
1489;0.12240621685810027
1490;0.18207864617047764
1491;0.08788144687628546
1492;0.37573772534574357
1493;0.6276327198096077
1494;0.372859897759699
1495;0.04641708191470038
1496;-0.025917817973093393
1497;0.08116037662612766
1498;0.2724892778207645
1499;0.033818114298710344
1500;-0.1860222474299678
1501;0.11601669870019024
1502;0.24950715257254125
1503;0.005049771111547752
1504;0.18719005254379278
1505;0.042003657833568964
1506;0.11190831513569743
1507;0.06694745436966572
1508;0.39203791568500446
1509;0.16968765009726583
1510;0.23246646654675265
1511;0.3098622460593488
1512;0.04588965675534573
1513;0.16257489723633634
1514;0.06176166590494314
1515;0.11786581570581003
1516;0.06241634112072622
1517;0.05346336703250164
1518;0.754909448503976
1519;-0.9292287593099144
1520;0.0764722916074034
1521;0.22617631535036437
1522;1.35699901544311
1523;0.14438576558447586
1524;0.07839047669012028
1525;0.8331270899534731
1526;0.18458828135489763
1527;1.4491677392589968
1528;0.11898515956687569
1529;0.5464892783865581
1530;0.05944630208159174
1531;0.08486233018294703
1532;0.040568321797876325
1533;-0.17493713483418796
1534;0.4631620050870352
1535;0.08558929461998432
1536;0.9169542574490646
1537;0.11662751248798794
1538;0.6734499752226537
1539;0.4315348852299049
1540;0.030076252311754786
1541;0.7564917004404383
1542;0.5459225371252934
1543;0.2569619392954479
1544;0.287913046578898
1545;0.35579779313106724
1546;0.29112191649335123
1547;0.2659249367358676
1548;0.27013358279407357
1549;-0.14770552247540913
1550;0.15079786879098406
1551;0.10027839201321026
1552;0.33372391277571994
1553;0.1199431929576581
1554;0.17390322189311488
1555;0.22748281962615957
1556;0.05345756025080877
1557;0.23207502567962401
1558;0.30821999930026306
1559;0.12829548103686028
1560;0.7101583348261911
1561;0.21918842275356715
1562;0.47969982893957214
1563;0.22301497870323553
1564;0.4226198900871217
1565;0.07731436862917057
1566;0.02494483289610723
1567;0.060951417987913564
1568;0.09738842176849719
1569;0.27866926945747617
1570;0.31367574738405146
1571;0.028034744475870295
1572;0.14380695609643046
1573;-0.013650899221011037
1574;0.15541572383914098
1575;0.36633168996181437
1576;0.03848934276317853
1577;0.19520761267676887
1578;0.058720202822925525
1579;0.031010265323846056
1580;0.06952230871021953
1581;0.3334101343450215
1582;0.3050367169140852
1583;0.2881438890269487
1584;0.07484907108052269
1585;0.06486786225436343
1586;0.3502011005827278
1587;0.09613673113555779
1588;0.15598694818267067
1589;0.05717452030222024
1590;0.11217643354425799
1591;0.07278801323407953
1592;0.1078787865739961
1593;0.2797977227129765
1594;0.1393951294935914
1595;0.13094461388778816
1596;0.10369103545235356
1597;0.2131360619610042
1598;0.15093738576409746
1599;0.031118071965396975
1600;0.13440665595174678
1601;0.09712585327480103
1602;0.2935063886702539
1603;0.07113222511309662
1604;0.1649783696612331
1605;0.04572056469991569
1606;0.2674679467299639
1607;0.05046316570299787
1608;0.05011931458303571
1609;0.6156914570230987
1610;-0.3056893185264829
1611;0.0347110892230082
1612;0.08995817888631968
1613;0.17658521537656863
1614;-0.5050073971069409
1615;0.05876754157954753
1616;0.04596220162138179
1617;0.2651278851574196
1618;0.19708552748290162
1619;1.3172204593289374
1620;0.01871530707057692
1621;0.4662549375846465
1622;-0.0038796214553442343
1623;0.1405304083305008
1624;0.21320943510265267
1625;0.23832517077365434
1626;0.18657409329108238
1627;0.6180640455689359
1628;0.26593284519998356
1629;0.08565510979249095
1630;0.04077676872391353
1631;0.04268039695434707
1632;0.9804697820426638
1633;0.14103269227734413
1634;0.008776143820451804
1635;0.10983036004806554
1636;0.005209081453902573
1637;0.051777447753215036
1638;0.020388766241026188
1639;0.05237395931730896
1640;0.31309350378920847
1641;0.040550727144231136
1642;0.1996416426083572
1643;1.3151445950247638
1644;-0.38449101971376226
1645;0.1877532810075178
1646;0.20442553920641585
1647;0.06817217679597659
1648;0.14419229936638456
1649;0.04881975060852026
1650;0.05332796269201041
1651;1.2226330232550393
1652;0.2850933757747208
1653;0.32813089640159765
1654;0.10664893134168943
1655;0.100975902204157
1656;0.6915411713360249
1657;0.16203645755478477
1658;0.15912222977938237
1659;0.06600352973001644
1660;0.14436635647830068
1661;0.30252357944474595
1662;0.1538170311236672
1663;0.301605784485137
1664;0.3273986361763506
1665;0.0459325965620814
1666;0.6222992236130962
1667;0.20208529799772426
1668;0.07708038474938195
1669;0.2634513124212605
1670;0.18903691428721925
1671;0.02325299190243864
1672;0.29479620198359935
1673;0.09963592443978692
1674;0.030550419449964228
1675;1.1085138111123591
1676;0.2969311425053719
1677;0.02563112476932533
1678;0.06460060826181992
1679;0.8407984995434732
1680;0.02628935846125953
1681;0.3225919646662189
1682;0.09500878363851248
1683;0.7971087652672229
1684;0.10725404924928007
1685;0.4839945536417512
1686;0.2918373761708132
1687;0.07369334039647102
1688;0.22071494597996888
1689;0.49221352307350097
1690;0.08016613434196235
1691;0.20439622166239343
1692;-0.001261156095014468
1693;0.11929237621807509
1694;0.055561926526893124
1695;-0.006730654251509635
1696;0.36284732092335686
1697;0.1383464235060583
1698;0.18320650204596262
1699;0.040151483132515514
1700;0.029703137988006507
1701;0.027152966966344727
1702;0.054616680676583665
1703;0.015469062114071057
1704;0.06855325255221185
1705;0.0816308098659434
1706;0.09270115640893178
1707;0.0952223248567781
1708;0.2223486610827545
1709;-0.04102740477482403
1710;0.26240095474463604
1711;0.1343083810295494
1712;0.14911180551596528
1713;0.1845178538535018
1714;0.9173705075672485
1715;0.13265932224269844
1716;0.09531526318000907
1717;0.01699082551915796
1718;-0.018430787577300364
1719;0.08611604707438146
1720;0.18330201196574028
1721;0.1901731198958597
1722;0.2105491333102634
1723;0.12070185401689285
1724;-0.0017189784616228054
1725;0.039782731563047534
1726;0.09836273723860064
1727;0.00380915262115486
1728;0.0508391199798998
1729;0.36032693852471664
1730;0.41618722604374364
1731;0.2683590159847952
1732;0.029838954374871926
1733;0.05773694599163833
1734;0.25845297934093847
1735;0.013803329759654197
1736;0.12821482176020046
1737;0.6614079165709117
1738;0.715260547852107
1739;0.026701541464867418
1740;0.035475346772627245
1741;1.071317377678025
1742;0.1776173603886173
1743;0.5970685441304293
1744;0.40965846028283287
1745;0.797394771460334
1746;0.24020604552981012
1747;0.14880661657391672
1748;0.33454603996240895
1749;0.031179952881495075
1750;0.07576188401121853
1751;0.3438852843806629
1752;0.2945316252828522
1753;0.2683441704218183
1754;0.11006114172216666
1755;0.04494320124021435
1756;0.08913961592323923
1757;0.04227166777621578
1758;0.033683359644959866
1759;0.1943595873082847
1760;2.0450101148516118
1761;0.43103796398298216
1762;0.2848384660375124
1763;0.3227324418322773
1764;0.5524615771994257
1765;0.08266783048708204
1766;0.646139872078324
1767;0.05823983733488205
1768;0.33824247260205786
1769;0.3911579555236637
1770;0.3020729874132446
1771;0.04032490078825207
1772;0.2321915554587386
1773;0.5450730528683446
1774;0.21073604753130687
1775;0.1879075454420512
1776;0.126167640826424
1777;0.041016919970058636
1778;0.8687264408511637
1779;0.037578762564683454
1780;0.1127110020944244
1781;0.3353086090666049
1782;0.2218825646784298
1783;-0.20177427379819274
1784;0.10301429632547845
1785;0.1747119789883076
1786;0.0645472230585766
1787;0.4532383073107595
1788;-0.012022331580928441
1789;0.984031106045081
1790;0.17627904753606372
1791;-0.08953084020441188
1792;0.13152000426578084
1793;0.2814898719272209
1794;0.036407810548032535
1795;0.2536156119662189
1796;0.23339634859231834
1797;0.3177660814089228
1798;0.1472318136036655
1799;0.13324650889012102
1800;0.18853432199992207
1801;0.27961097160447146
1802;0.05579492205738115
1803;0.27313812794699244
1804;0.23751959561549085
1805;-0.19976285734234456
1806;0.11170871093423707
1807;0.1195923392834588
1808;0.22236433511972747
1809;0.13774109083701397
1810;0.019991346447401595
1811;0.4902066741239688
1812;0.7218949435584345
1813;0.18934849543730947
1814;0.8608589210799069
1815;0.9807201482046002
1816;0.23068371454310804
1817;0.25115626876671904
1818;-0.5384990314436091
1819;0.1003042396110247
1820;0.7031519472653416
1821;0.18912121684486982
1822;0.09644118373555127
1823;0.39039278324698956
1824;0.02133966616231816
1825;0.06591227671496751
1826;0.2812081220591319
1827;0.6292888856214571
1828;0.13917485057817366
1829;0.2579513089669543
1830;0.45714404972244693
1831;0.3134315042097409
1832;0.11126950515083825
1833;0.06982331632162547
1834;0.045737391460479296
1835;0.21892056240804209
1836;0.15130740153001487
1837;0.24878585408881543
1838;0.12169220069272646
1839;0.13622138595868674
1840;0.13562339844943222
1841;0.030809809393475843
1842;0.1260921885867705
1843;0.7429607733465557
1844;0.24073384084371563
1845;0.14736836528228073
1846;0.24485451715628534
1847;0.2108617451528847
1848;0.08621111547861054
1849;0.10860892004072399
1850;0.09633023802793836
1851;0.11107150261924713
1852;-0.08525151740962372
1853;0.36630179399892165
1854;0.07172249013850437
1855;0.21560064443751864
1856;0.09886384173758253
1857;0.054285688211014455
1858;0.10275699716772799
1859;0.0755152326992162
1860;0.05689903181023721
1861;0.25331478739817104
1862;0.1934141787377454
1863;0.14161573967639274
1864;0.07388224411575635
1865;0.08226342972629117
1866;-0.09845336738586982
1867;0.09436280357650585
1868;0.04914561855395429
1869;0.3836103225464284
1870;0.37311049077374353
1871;0.25807833745805786
1872;0.10851503517353392
1873;0.18664501579091938
1874;0.17651041152985011
1875;1.443838368268324
1876;0.033417434677786205
1877;0.05806434029559249
1878;0.024520745375972333
1879;0.5595078377890341
1880;0.03641887199938713
1881;0.13302679832183545
1882;0.16245935669817063
1883;0.07823614867743114
1884;0.24554353434616255
1885;0.036993906931619504
1886;0.22460129170726312
1887;0.254762169489398
1888;0.07579315170230452
1889;0.1081356264381144
1890;0.07633541534067002
1891;0.08333073143329409
1892;0.11830609727241642
1893;2.0790206367141626
1894;0.05715870204509755
1895;0.17620146759747407
1896;0.2978664010449656
1897;0.09917172688583133
1898;0.7516379290439403
1899;0.22278235989000325
1900;0.1254027400929616
1901;0.07155151891708647
1902;0.05745142328713707
1903;0.027842431262831542
1904;0.2274653223009996
1905;0.2018884730458498
1906;0.024627926914405553
1907;0.037370420041959757
1908;0.04610637384855173
1909;0.03690881919988417
1910;0.08789851565744662
1911;0.0809530125097121
1912;0.17523164702197846
1913;0.30877491098605025
1914;0.6540762765651136
1915;0.05902589218313803
1916;0.1279613984359207
1917;0.06557230891168962
1918;0.20909773715084945
1919;0.03347724903557896
1920;0.03330472281063648
1921;0.13299729991085762
1922;0.06433211260403884
1923;0.3245274843586775
1924;-0.031556799137813174
1925;0.06541760536774942
1926;-0.1543305562438943
1927;0.17817731984511548
1928;0.03660013419627381
1929;-0.22116011976879435
1930;0.27806488096511195
1931;0.12066269912177521
1932;0.06692872641832745
1933;0.21479627904084786
1934;0.8305539138047688
1935;0.11265760138326356
1936;0.5615849217357851
1937;0.2034800716117415
1938;0.49146064011246743
1939;2.902689300558335
1940;0.0892119646361666
1941;0.539113095589105
1942;0.38233952977734326
1943;0.24108802708954274
1944;-0.029581755950905314
1945;0.09294372574072304
1946;-0.06330005256737559
1947;0.0742098683151945
1948;0.17552575093211337
1949;0.3119638209691957
1950;0.055369488258540524
1951;0.3121814776365933
1952;0.13537763207673612
1953;0.11777941138941171
1954;0.6042827763449414
1955;0.03544080283467932
1956;0.04469326477656412
1957;0.10148033496068996
1958;0.10396896684081022
1959;0.16052066410781649
1960;0.13361572825363505
1961;0.1279450254700299
1962;0.13109205177895608
1963;2.7688156413868006
1964;1.0624121692010495
1965;0.10597376540133537
1966;0.09063080407135918
1967;0.0835233171159511
1968;0.04771910291030234
1969;0.1032755153058519
1970;0.09591710397980481
1971;0.029382730421604775
1972;-0.14901971110713627
1973;0.11784412140440653
1974;0.09245071947951641
1975;0.6362461314475709
1976;0.44764328898530314
1977;0.05785421299361515
1978;0.018908036734493566
1979;0.09601059183650365
1980;0.12374853875875583
1981;0.05073809271545804
1982;0.0504722559985206
1983;0.11168138921201501
1984;0.16949208614442293
1985;0.12186053914014244
1986;0.23834035629862343
1987;0.16549841069485693
1988;-0.24214330065584483
1989;0.14951540034293354
1990;0.22154243578753965
1991;0.6675432632913647
1992;-0.8711570977819307
1993;-0.015999576297115722
1994;0.8243594265865459
1995;0.3451403612397792
1996;0.41594114490370815
1997;-0.09256296519554064
1998;0.22893652202212764
1999;0.07813994806150994
